insert into DEPARTMENT values ('Civil Engineering', 'EB 1102', '111-111-1111');
insert into DEPARTMENT values ('Computer Science', 'IT 1100', '222-222-2222');
insert into DEPARTMENT values ('Electrical & Computer Engineering', 'IT 1100','333-333-3333');
insert into DEPARTMENT values ('Information Technology', 'IT 1101', '444-444-4444');
insert into DEPARTMENT values ('Mechanical Engineering', 'IT 1103', '666-666-6666');

Insert into FACULTY values('Murali', 'Medidi', '111111111', 'Computer Science', '111-111-1111', 'IT 2319', 'b@.com');
Insert into FACULTY values('Russell', 'Thackston', '222222222', 'Information Technology', '111-111-1111', 'IT 2315', 'aaaaa@.com');
Insert into FACULTY values('Jim', 'Harris','444444444', 'Mechanical Engineering', '222-222-2222', 'IT 2314', 'aaaa@.com');
Insert into FACULTY values('Brian', 'Vleck', '333333333', 'Computer Science', '333-333-3333', 'IT 2313', 'aaa@.com');
Insert into FACULTY values('Fernando', 'Rios', '555555555', 'Electrical & Computer Engineering', '444-444-4444', 'IT 2312', 'aa@.com');
Insert into FACULTY values('Rocio', 'Alba', '666666666', 'Electrical & Computer Engineering', '555-555-5555', 'IT 2311', 'a@.com');
Insert into FACULTY values('Kristen', 'Hawkins', '777777777', 'Information Technology', '666-666-6666', 'IT 2310', 'lllll@.com');
Insert into FACULTY values('Meena', 'Cruz', '888888888', 'Computer Science', '777-777-7777', 'IT 2311', 'llll@.com');
Insert into FACULTY values('Gus', 'Maldonado', '999999999', 'Civil Engineering', '888-888-8888', 'IT 2310', 'lll@.com');
Insert into FACULTY values('Marcel', 'Maghair', '000000000', 'Civil Engineering', '999-999-9999', 'IT 2309','l@.com');
Insert into FACULTY values('Andrew', 'Allen', '222222221', 'Computer Science', '000-000-0000', 'IT 2308','ll@.com');



Insert into Club Value
(1,"Association for Computing Machinery","111111111","Computer Science Club");
Insert into Club Value
(2,"Association for Information Technology","222222222","Information Technology Club");
Insert into Club Value
(3,"American Society of Mechanical Engineering","333333333","Mechanical Engineering Club");
Insert into Club Value
(4,"Aurora Game Development Club","444444444","Game Development Club");
Insert into Club Value
(5,"Institute of Electrical and Electronic Engineers","555555555","Electrical and Computer engineering club");
Insert into Club Value
(6,"Robotics Club","666666666","Build robots");
Insert into Club Value
(7,"Women in Technology","777777777","Club for women in majors such as CS or IT");
Insert into Club Value
(8,"Tech Developers Association","888888888","Club for current/Future tech developers");
Insert into Club Value
(9,"American Society of Civil Engineers","999999999","Whatever Civil Engineers do");
Insert into Club Value
(10,"Society of Women Engineers","000000000","Club for women in Engineering majors");
#ACM
Insert into Student Value
("Marcus",null,"Mcmullen",'128067567','Senior','Chair','543-214-9072',1);
Insert into Student Value
("Jensen",'A',"Bromm",'901230109','Senior','Vice-Chair','912-312-2271',1);
Insert into Student Value
("Greyson",'S',"Myers",'547987001','Sophomore','Secretary',"901-345-9876",1);
Insert into Student Value
("Tunji",null,"Adewoye",'432845890','Junior','Treasurer','765-892-0105',1);
Insert into Student Value
("Xavier",'C',"Howell",'123987542','Junior','Staff',"913-245-1902",1);
Insert into Student Value
("Kyle",'L',"Cronin",'901345850','Senior','Staff',"654-320-9090",1);
Insert into Student Value
("Chioma",'W',"Ugonabo",'667992549','Senior','Staff',"128-964-0012",1);

Insert into Student Value
("Ethan",'B',"Layne",'824096123','Senior','Member','456-314-8621',1);
Insert into Student Value
("Mike",'H',"Hunt",'145904812','Freshman','Member',null,1);
Insert into Student Value
("Kevin",null,"Velin",'432090124','Sophomore','Member','223-912-1456',1);
Insert into Student Value
("Stephanie",'C',"Nao",'876000123',null,'Member',null,1);
Insert into Student Value
("Nate",'X',"Harrison",'999134509','Freshman','Member','662-092-3332',1);
Insert into Student Value
("Travis",'N',"Bob",'129012888','Junior','Member','111-214-2456',1);
Insert into Student Value
("Gavin",'C',"Carter",'122759901','Sophomore','Member',null,1);
Insert into Student Value
("Evan",'K',"Lake",'822145008','Junior','Member','123-345-6433',1);
Insert into Student Value
("Ethan",'M',"Jeans",'083846221',null,'Member','235-123-1567',1);
Insert into Student Value
("Mark",'J',"Yeak",'370681565','Freshman','Member','434-473-5631',1);
Insert into Student Value
("John",'F',"Mark",'047567703','Sophomore','Member',null,1);
Insert into Student Value
("Dwayne",'R',"Johnny",'413561441',null,'Member','199-175-1152',1);
Insert into Student Value
("Chris",'S',"Patter",'111125030','Senior','Member','452-277-0861',1);

#AITP
Insert into Student Value
("Silas",null,"Osborne",'896854543','Junior','Chair','207-548-5069',2);
Insert into Student Value
("Erik",'D',"Lyon",'352646735','Junior','Vice-Chair','806-464-3602',2);
Insert into Student Value
("Sylvia",'E',"Walsh",'254375903','Sophmore','Secretary',"690-675-7677",2);
Insert into Student Value
("Nikhil",null,"Olsen",'823999612','Junior','Treasurer','100-748-9841',2);

Insert into Student Value
("Mac",'F',"Leigh",'410444158','Senior','Member',null,2);
Insert into Student Value
("Alfie",'A',"Fritz",'974641128','Freshman','Member','666-933-1129',2);
Insert into Student Value
("Iman",'J',"Scott",'449684747','Junior','Member','723-724-5248',2);
Insert into Student Value
("Jessie ",'T',"Huang",'130177734','Freshman','Member','147-351-0270',2);
Insert into Student Value
("Morgan",'Y',"Cox",'255922804','Senior','Member','782-834-1409',2);
Insert into Student Value
("Allana ",'I',"Vazquez",'909864520','Sophomore','Member',null,2);
Insert into Student Value
("Zaine",'P',"Hardin",'323967817','Senior','Member','201-085-0438',2);
Insert into Student Value
("James",'N',"Petersen",'094565661','Sophomore','Member','623-948-7711',2);
Insert into Student Value
("Brendan",'A',"Parks",'599857226','Junior','Member','116-170-5445',2);
Insert into Student Value
("Darcy",'V',"Mercer",'405106039','Senior','Member','027-375-1664',2);
Insert into Student Value
("Varun",'X',"Escobar",'919794109','Sophomore','Member',null,2);

#ASME
Insert into Student Value
("Clinton",null,"Hull",'975819177','Senior','Chair','110-181-7445',3);
Insert into Student Value
("Shaun",'X',"Sharples",'928398811','Sophomore','Vice-Chair','971-706-0207',3);
Insert into Student Value
("Yvie",'A',"Emerson",'981762010','Sophomore','Secretary',"860-695-1886",3);
Insert into Student Value
("Marwan ",null,"Mackie",'612022632','Sophomore','Treasurer','678-595-4665',3);

Insert into Student Value
("Chantel",'M',"Contreras",'594957986','Junior','Member','794-669-9111',3);
Insert into Student Value
("Astrid",'P',"Bloom",'492480839','Sophomore','Member','189-675-0104',3);
Insert into Student Value
("Woody",'I',"Banks",'269608282','Senior','Member','043-578-5947',3);
Insert into Student Value
("Jannah",'H',"Hutchinson",'037638570','Freshman','Member','410-798-5932',3);
Insert into Student Value
("Jaxx",'G',"Mcpherson",'487544945','Junior','Member','164-112-5511',3);
Insert into Student Value
("Calista",'W',"English",'917492144','Junior','Member','387-289-5934',3);
Insert into Student Value
("Keir",'Q',"Thorne",'285990853','Senior','Member','934-399-9057',3);
Insert into Student Value
("Elana",'R',"Cunningham",'211348607','Freshman','Member','146-860-3250',3);
Insert into Student Value
("Gerard",'E',"Drake",'398090802','Senior','Member','024-034-2222',3);
Insert into Student Value
("Nicky",'H',"Hogan",'497402247','Sophmore','Member','724-227-3092',3);
Insert into Student Value
("Rosa",'A',"Prince",'660273850','Freshman','Member','147-039-9049',3);

#Game Dev
Insert into Student Value
("Brandy",null,"Christensen",'321475053','Senior','Chair','502-587-6386',4);
Insert into Student Value
("Huseyin",'E',"Salazar",'635770221','Junior','Vice-Chair','675-973-4938',4);
Insert into Student Value
("Buster",'F',"Adams",'388193372','Sophomore','Secretary',"600-530-2403",4);
Insert into Student Value
("Sallie","H","Medina",'409595897','Junior','Treasurer','514-090-1102',4);

Insert into Student Value
("Mildred",'H',"Hunter",'111938210','Freshman','Member','119-091-3843',4);
Insert into Student Value
("Gabrielle",'E',"Brewer",'074397469','Sophomore','Member','281-534-2011',4);
Insert into Student Value
("Lily",'J',"Larson",'097999610','Sophomore','Member','563-628-2227',4);
Insert into Student Value
("Shuaib",'Q',"Langley",'311462312','Junior','Member','962-130-7307',4);
Insert into Student Value
("Javan",'I',"Maddox",'436327754','Freshman','Member','451-852-6841',4);
Insert into Student Value
("Lilith",'Y',"Lowe",'690907448','Senior','Member','970-132-9875',4);
Insert into Student Value
("Shea",'R',"Walton",'166972168','Freshman','Member','784-116-1564',4);
Insert into Student Value
("Haiden",'L',"Blundell",'552196239','Senior','Member','123-258-1041',4);
Insert into Student Value
("Neelam",'A',"Cisneros",'293223422','Sophomore','Member','519-846-7438',4);
Insert into Student Value
("Darlene",'W',"Key",'292487169','Senior','Member','499-936-8711',4);
Insert into Student Value
("Cosmo",'B',"Horner",'893777156','Sophomore','Member','147-478-2120',4);

#IEEE
Insert into Student Value
("Ayaan","B","Chester",'922190922','Senior','Chair','912-001-6227',5);
Insert into Student Value
("Kaila",'C',"Milner",'560115572','Senior','Vice-Chair','856-781-6602',5);
Insert into Student Value
("Debra",'F',"Whittington",'341708861','Sophomore','Secretary',"257-794-8769",5);
Insert into Student Value
("Reon",null,"Simmons",'406411947','Sophomore','Treasurer','595-369-6179',5);

Insert into Student Value
("Franklin",'R',"Knights",'934396408','Sophomore','Member','267-923-8122',5);
Insert into Student Value
("Alison",'Q',"Andrade",'924159901','Freshman','Member','286-342-4663',5);
Insert into Student Value
("Esther",'E',"Chamberlain",'238572650','Sophomore','Member','691-888-2050',5);
Insert into Student Value
("Theo",'S',"Espinosa",'901285274','Junior','Member','586-145-8556',5);
Insert into Student Value
("Mcauley",'B',"Pierce",'629458424','Senior','Member','194-473-3795',5);
Insert into Student Value
("Lily",'N',"Eaton",'683340714','Freshman','Member','052-559-1955',5);
Insert into Student Value
("Heena",'K',"Grainger",'815606846','Freshman','Member','443-878-8061',5);
Insert into Student Value
("Maxime",'L',"Donaldson",'560032379','Senior','Member','385-313-8357',5);
Insert into Student Value
("Roksana",'P',"Turner",'286624881','Junior','Member','118-703-5020',5);
Insert into Student Value
("Arvin",'O',"Yu",'202298429','Sophomore','Member','277-520-0904',5);
Insert into Student Value
("Anabia",'A',"Kendall",'798428155','Senior','Member','112-263-5523',5);

#Robotics Club
Insert into Student Value
("Nial","V","Gordon",'323567015','Senior','Chair','837-204-8253',6);
Insert into Student Value
("Maiya",'A',"Pennington",'658250065','Junior','Vice-Chair','327-909-6800',6);
Insert into Student Value
("Leanne",'S',"Bates",'319956725','Junior','Secretary',"343-946-9651",6);
Insert into Student Value
("Tahlia",null,"Hampton",'467077587','Junior','Treasurer','217-043-6184',6);

Insert into Student Value
("Don",'A',"Bruce",'247026361',null,'Member','593-479-4212',6);
Insert into Student Value
("Sylvia",'J',"Chung",'058824117','Freshman','Member',null,6);
Insert into Student Value
("Siyana",'A',"Wright",'562041529','Freshman','Member','868-006-2251',6);
Insert into Student Value
("Poppie",'Q',"Broughton",'710943478',null,'Member','356-890-6917',6);
Insert into Student Value
("Ebony",'R',"Mcculloch",'742832376','Sophomore','Member','448-622-1415',6);
Insert into Student Value
("Jarod",'K',"Davidson",'175974454','Senior','Member','567-448-1350',6);
Insert into Student Value
("April",'P',"Brennan",'530010125','Junior','Member','560-771-6874',6);
Insert into Student Value
("Ahmed",'D',"Stephens",'237459002','Freshman','Member','859-371-8217 ',6);
Insert into Student Value
("Kieren",'E',"Marsh",'998213155','Senior','Member','123-698-8684',6);
Insert into Student Value
("Greta",null,"Knights",'458857123',null,"Member",null,6);
Insert into Student Value
("Vikram",'W',"Greenwood",'767450540','Junior','Member','296-099-2415',6);

#WIT
Insert into Student Value
("Zarah","C","Oconnell",'599413835','Senior','Chair','937-594-4027',7);
Insert into Student Value
("Abbigail",'A',"Pollard",'010768529','Junior','Vice-Chair','583-086-8267',7);
Insert into Student Value
("Shania",'S',"Heaton",'322438199','Sophomore','Secretary',"072-028-5476",7);
Insert into Student Value
("Helen","N","Villa",'066666602','Junior','Treasurer','414-956-0449',7);

Insert into Student Value
("Lucille",'G',"Watson",'351417607','Sophomore','Member','876-944-6095',7);
Insert into Student Value
("Lyla",'F',"Childs",'207720563','Senior','Member','433-589-9356',7);
Insert into Student Value
("Rhianne",'B',"Liu",'417865322','Junior','Member','132-548-0002',7);
Insert into Student Value
("Keanu",'R',"Torres",'613873344','Freshman','Member','169-354-0684',7);
Insert into Student Value
("Maureen",'Q',"Mcintosh",'969624334','Senior','Member','679-275-9587',7);
Insert into Student Value
("Pheobe",'W',"Webber",'903504925','Freshman','Member','899-217-6566',7);
Insert into Student Value
("Malikah",'Z',"Stark",'358916216','Senior','Member','912-054-6662',7);
Insert into Student Value
("Sally",'O',"Salter",'856157817','Freshman','Member','145-937-4066',7);
Insert into Student Value
("Monika",'U',"Trujillo",'228711947','Sophomore','Member','249-396-1980',7);
Insert into Student Value
("Aria",'N',"Ochoa",'246406581','Senior','Member','186-392-4362',7);
Insert into Student Value
("Ollie",'J',"Stone",'775292937','Junior','Member','162-817-5325',7);

#TDA
Insert into Student Value
("Kaylie",null,"Howard",'798412568','Senior','Chair','772-400-1926',8);
Insert into Student Value
("Everly",'H',"Park",'887790039','Junior','Vice-Chair','045-510-0831',8);
Insert into Student Value
("Maksymilian",'L',"Kennedy",'572915341','Sophomore','Secretary',"129-408-2131 ",8);
Insert into Student Value
("Aleesha",null,"Huynh",'280305673','Junior','Treasurer','918-647-1122',8);

Insert into Student Value
("Leja",'R',"Ruiz",'637616952','Junior','Member',null,8);
Insert into Student Value
("Sohaib",null,"Wooten",'710651231','Freshman','Member','691-376-2818',8);
Insert into Student Value
("Habiba",'Q',"Mccarthy",'017534676',null,'Member','392-269-8174',8);
Insert into Student Value
("Kerri",'B',"Ryder",'357388064','Sophomore','Member',null,8);
Insert into Student Value
("Joseph",null,"Glenn",'903018488','Junior','Member','484-171-2649',8);
Insert into Student Value
("Rufus",'A',"Webb",'820666225','Senior','Member','641-636-7008',8);
Insert into Student Value
("Keziah",'C',"Walker",'736902332','Freshman','Member','426-903-4196',8);
Insert into Student Value
("Tahmina",null,"Sweeney",'446527871','Senior','Member',null,8);
Insert into Student Value
("Serena",'U',"Magana",'118548056','Senior','Member','904-350-8675',8);
Insert into Student Value
("Aaliya",'E',"Reeve",'684311155','Junior','Member','493-049-3755',8);
Insert into Student Value
("Niyah",'J',"Cross",'159428787',null,'Member','658-961-6733',8);

#ASCE
Insert into Student Value
("Tyrell",null,"Clifford",'433594860','Senior','Chair','169-752-3343',9);
Insert into Student Value
("Ayaan",'Z',"David",'128590652','Junior','Vice-Chair','506-668-2206',9);
Insert into Student Value
("Ramone",'R',"Rennie",'126026696','Sophomore','Secretary',"409-269-8215",9);
Insert into Student Value
("Maddy",null,"Hodson",'220998215','Sophomore','Treasurer','850-926-2112',9);

Insert into Student Value
("Amelie",null,"Whitley",'664478085','Junior','Member','620-694-4805',9);
Insert into Student Value
("Willow",'D',"Sierra",'503796942',null,'Member','846-548-3616 ',9);
Insert into Student Value
("Kiki",'B',"Carver",'063443546','Junior','Member','853-650-7012',9);
Insert into Student Value
("Brook",null,"Walker",'764239207','Freshman','Member','523-528-4476',9);
Insert into Student Value
("Marni",'P',"Atkinson",'432239314','Senior','Member',null,9);
Insert into Student Value
("Zi",'B',"Ferreira",'408324589','Sophomore','Member','186-616-8193',9);
Insert into Student Value
("Tommy",'O',"Derrick",'198415865','Senior','Member','830-907-4199',9);
Insert into Student Value
("Lea",null,"Zhang",'594737495','Senior','Member','228-478-6359',9);
Insert into Student Value
("Maya",'X',"Coleman",'494830674','Sophomore','Member','865-319-0451',9);
Insert into Student Value
("Simone",'V',"Travers",'580064228','Sophomore','Member',null,9);
Insert into Student Value
("Roma",'Y',"Dodson",'195246229','Junior','Member','771-013-7145',9);

#SWE
Insert into Student Value
("Ruby","M","Kaur",'477751225','Senior','Chair','559-239-8391 ',10);
Insert into Student Value
("Rory",'A',"Farley",'301453182','Junior','Vice-Chair','131-381-6351',10);
Insert into Student Value
("Kaci",'Q',"Riley",'386019327','Sophomore','Secretary',"822-339-0414",10);
Insert into Student Value
("Shreya","G","Elliott",'426079871','Freshman','Treasurer','677-077-3506',10);

Insert into Student Value
("Alivia",'B',"Naylor",'514970035',null,'Member',null,10);
Insert into Student Value
("Nuala",'H',"Mcmahon",'067838245','Junior','Member','641-858-2810',10);
Insert into Student Value
("Shanay",'L',"Snow",'866195498','Senior','Member','169-132-4342',10);
Insert into Student Value
("Ava",'I',"Gunn",'112192250','Senior','Member','953-146-4356',10);
Insert into Student Value
("Hollie",'O',"Neville",'157088225','Sophomore','Member','410-296-8590',10);
Insert into Student Value
("Kajol",null,"Hutchinson",'673075660','Junior','Member','563-444-8387',10);
Insert into Student Value
("Deon",'R',"Smith",'219908677','Senior','Member','331-181-9717',10);
Insert into Student Value
("Alaw",'E',"Walter",'077524918','Senior','Member',null,10);
Insert into Student Value
("Romy",'K',"Guevara",'934762247','Sophomore','Member','609-172-3082',10);
Insert into Student Value
("Beverley ",'A',"Foley",'277806915','Senior','Member','767-799-6141',10);
Insert into Student Value
("Campbell ",null,"Vaughn",'824096790','Junior','Member',null,10);


INSERT INTO BUDGET(org_id, fee_amount, income, expenses)
VALUES (1, 9.00, 0.00, 9.00), (2, 9.00, 0.00, 9.00), (3, 5.00, 8.00, 3.00), 
(4, 0.00, 8.50, 0.00), (5, 0.00, 9.99, 0.00), (6,7.00, 0.00, 7.00), (7, 4.58, 2.00, 2.58),
(8, 9.79, 0.00, 9.79), (9, 7.76, 5.50, 2.26), (10, 8.75, 1.00, 7.75);

INSERT INTO SOCIAL_MEDIA(url, username, num_of_views, num_of_posts,org_id)
VALUES ('instagram.com/ACM', 'AforCompMach', 400, 23,1), ('twitter.com/ACM', 'AforCompMach', 276, 24,1), 
('facebook.com/AITP', 'AITP', 12, 3, 2), ('instagram.com/AITP', 'AITP', 38, 8, 2),
('instagram.com/ASME', 'ASME', 45, 9, 3),('facebook.com/ASME', 'ASME', 345, 89, 3),
('instagram.com/AGDC', 'AuroraGaming', 98, 78, 4), ('twitter.com/AGDC', 'AuroraGaming', 97, 78, 4),
('facebook.com/IEEE', 'IEEE', 10125, 112, 5), ('instagram.com/IEEE', 'IEEE', 785, 65, 5),
('instagram.com/ROBOClub', 'RoboClubbing', 7000, 28, 6), ('twitter.com/ROBOClub', 'RoboClubbing', 546, 12, 6),
('facebook.com/WIT', 'WomenInTech', 15894, 802, 7), ('tiktok.com/WIT', 'WomenInTech', 565, 45, 7),
('twitter.com/TDA', 'TechDevAsso', 956, 2, 8), ('instagram.com/TDA', 'TechDevAsso', 965, 32, 8),
('instagram.com/ASCE', 'WeAreCivil', 389, 9, 9), ('twitter.com/ASCE	', 'WeAreCivil', 15, 1, 9),
('instagram.com/SWE', 'SWE', 928, 12, 10), ('twitter.com/SWE', 'SWE', 1189, 23, 10);

insert into BOOKABLE_LOCATION values ('Armstrong', 'SC 1001', 'classroom', 13);
insert into BOOKABLE_LOCATION values ('Armstrong', 'SC 129', 'computer lab', 40);
insert into BOOKABLE_LOCATION values ('Armstrong', 'SC 1402', 'classroom', 88);
insert into BOOKABLE_LOCATION values ('Armstrong', 'SC 204', 'conference', 8);
insert into BOOKABLE_LOCATION values ('Armstrong', 'SC 273', 'computer lab', 12);
insert into BOOKABLE_LOCATION values ('Armstrong', 'UH 101', 'classroom', 38);
insert into BOOKABLE_LOCATION values ('Armstrong', 'UH 107', 'classroom', 32);
insert into BOOKABLE_LOCATION values ('Armstrong', 'UH 112', 'computer lab', 40);
insert into BOOKABLE_LOCATION values ('Armstrong', 'UH 157', 'lecture hall', 111);
insert into BOOKABLE_LOCATION values ('Armstrong', 'UH 202', 'conference', 12);
insert into BOOKABLE_LOCATION values ('Armstrong', 'SH 108', 'lecture hall', 64);
insert into BOOKABLE_LOCATION values ('Armstrong', 'SH 203', 'classroom', 32);
insert into BOOKABLE_LOCATION values ('Armstrong', 'SH 204', 'computer lab', 24);
insert into BOOKABLE_LOCATION values ('Armstrong', 'SH 205', 'conference', 10);
insert into BOOKABLE_LOCATION values ('Armstrong', 'SH 214', 'classroom', 39);
insert into BOOKABLE_LOCATION values ('Statesboro', 'IT 1203', 'computer lab', 36);
insert into BOOKABLE_LOCATION values ('Statesboro', 'IT 3005', 'conference', 12);
insert into BOOKABLE_LOCATION values ('Statesboro', 'IT 3204', 'classroom', 46);
insert into BOOKABLE_LOCATION values ('Statesboro', 'IT 3216', 'classroom', 32);
insert into BOOKABLE_LOCATION values ('Statesboro', 'IT 3302', 'computer lab', 40);
insert into BOOKABLE_LOCATION values ('Statesboro', 'RU 1042', 'ballroom', 900);
insert into BOOKABLE_LOCATION values ('Statesboro', 'RU 1085', 'auditorium', 440);
insert into BOOKABLE_LOCATION values ('Statesboro', 'RU 2041', 'meeting', 79);
insert into BOOKABLE_LOCATION values ('Statesboro', 'RU 2043', 'meeting', 18);
insert into BOOKABLE_LOCATION values ('Statesboro', 'RU 2052', 'meeting', 54);
insert into BOOKABLE_LOCATION values ('Statesboro', 'EB 1130', 'classroom', 38);
insert into BOOKABLE_LOCATION values ('Statesboro', 'EB 1132', 'classroom', 40);
insert into BOOKABLE_LOCATION values ('Statesboro', 'EB 2112', 'classroom', 153);
insert into BOOKABLE_LOCATION values ('Statesboro', 'EB 2117', 'classroom', 60);
insert into BOOKABLE_LOCATION values ('Statesboro', 'EB 2123', 'conference', 10);

insert into CLUB_EVENT values (1, 1, '2022-10-18 17:30:00', 'IT 1203', 'Meeting');
insert into CLUB_EVENT values (2, 3, '2022-09-04 14:00:00', 'RU 2041', 'Guest Speaker');
insert into CLUB_EVENT values (3, 5, '2022-09-30 10:00:00', 'EB 1132', 'Meeting');
insert into CLUB_EVENT values (4, 8, '2022-10-18 15:30:00', 'SC 129', 'Panel Discussion');
insert into CLUB_EVENT values (5, 6, '2022-10-20 15:30:00', 'RU 2043', 'Guest Speaker');
insert into CLUB_EVENT values (6, 2, '2022-10-20 17:30:00', 'IT 3216', 'Election');
insert into CLUB_EVENT values (7, 4, '2022-10-23 17:00:00', 'IT 3216', 'Meeting');
insert into CLUB_EVENT values (8, 7, '2022-10-23 16:00:00', 'RU 1085', 'Meeting');
insert into CLUB_EVENT values (9, 10, '2022-10-25 14:30:00', 'SH 214', 'Panel Discussion');
insert into CLUB_EVENT values (10, 9, '2022-10-25 14:00:00', 'UH 112', 'Guest Speaker');
insert into CLUB_EVENT values (11, 8, '2022-10-25 17:30:00', 'SC 129', 'Meeting');
insert into CLUB_EVENT values (12, 1, '2022-10-25 17:30:00', 'IT 1203', 'Meeting');
insert into CLUB_EVENT values (13, 4, '2022-10-28 12:00:00', 'RU 2052', 'Election');
insert into CLUB_EVENT values (14, 10, '2022-10-30 14:30:00', 'SC 1402', 'Guest Speaker');
insert into CLUB_EVENT values (15, 1, '2022-11-06 17:30:00', 'IT 1203', 'Guest Speaker');
insert into CLUB_EVENT values (16, 6, '2022-11-08 12:00:00', 'EB 2117', 'Panel Discussion');
insert into CLUB_EVENT values (17, 9, '2022-11-08 14:30:00', 'SH 108', 'Meeting');
insert into CLUB_EVENT values (18, 7, '2022-11-10 12:00:00', 'RU 1085', 'Meeting');
insert into CLUB_EVENT values (19, 1, '2022-11-15 17:30:00', 'IT 1203', 'Meeting');
insert into CLUB_EVENT values (20, 8, '2022-11-15 17:30:00', 'SC 204', 'Meeting');

Insert into PROJECT values (1, 1, 'VR Simulation', 25, 'Programming simulation software in VR for the chemistry department.');
Insert into PROJECT values (2, 2, 'Super Computer', 10, 'Connect computers and servers to help build GSU its very own HPC cluster.');
Insert into PROJECT values (3, 3, '3D Design For Asgard', 14, 'Minifigure 3D printing of your favorite MARVEL characters.');
Insert into PROJECT values (4, 4, 'Kraken', 21, 'Creating a game about sailing and fighting monsters.');
Insert into PROJECT values (5, 5, 'Circuitry101', 33, 'Learn PCB design, soldering, and more!');
Insert into PROJECT values (6, 6, 'BattleBots', 5, 'Come build a fighting robot with us.');
Insert into PROJECT values (7, 7, 'Apple’s New UI', 11, 'SPONSORED: Come work with Apple engineers to learn their products, job opportunities, and help design their new UI');
Insert into PROJECT values (8, 8, 'Capture the Flag', 16, 'Hack into the private network and first to find the flag wins a prize.');
Insert into PROJECT values (9, 9, 'Bridge The Gaps', 19, 'Bridge building, structure design, and hands-on learning');
Insert into PROJECT values (10, 10, 'Future City', 8, 'Solve the ever growing sustainability issues with our cities with your very own solutions!');

insert into WINGS_POINTS_EVENT values ('OSA staff', 1, 4, '2022-9-18 17:30:00', 'IT 1203', 'Meet with an OSA staff member or Graduate Assistant.');
insert into WINGS_POINTS_EVENT values ('Hold a workshop', 3, 4, '2022-10-04 14:00:00', 'SH 108', 'Hold a workshop hosted by an OSA Staff member or Graduate Assistant.');
insert into WINGS_POINTS_EVENT values ('Operation Move-In', 5, 4, '2022-10-30 10:00:00', 'IT 1203', 'Volunteer for Operation Move-In hosted by University Housing.');
insert into WINGS_POINTS_EVENT values ('Organization Fair', 8, 4, '2022-9-18 15:30:00', 'RU 2052', 'Participate in fall Student Organization Fair hosted by the Office of Student Activities.');
insert into WINGS_POINTS_EVENT values ('SGA Eagle Chats', 6, 2, '2022-11-20 15:30:00', 'SC 129', 'Attend SGA Eagle Chats.');
insert into WINGS_POINTS_EVENT values ('Org Round Table', 2, 4, '2022-10-20 14:30:00', 'SH 214', 'Meet with higher level faculty to answer questions, learn, and understand how to run a club well.');
insert into WINGS_POINTS_EVENT values ('Homecoming Activities', 4, 4, '2022-10-23 13:00:00',  'IT 3216', 'Participate in the following Homecoming Activities. (Banner, Sidewalk, Penny Wars, Doo-Dah, Sculpt-It, GS Got Talent, Tailgate, BBQ, Royalty, Parade)');
insert into WINGS_POINTS_EVENT values ('Fresh Check Day', 7, 4, '2022-09-23 16:00:00',  'RU 2043', 'Feed the hungry.');
insert into WINGS_POINTS_EVENT values ('Eagle Expo', 10, 6, '2022-09-25 13:30:00',  'SC 129', 'Attend Fall 2022 Eagle Expo In-person Career Fair.');
insert into WINGS_POINTS_EVENT values ('Spirit Week', 9, 4, '2022-10-25 15:00:00',  'RU 2041', 'Celebrate Together: Armstrong Campus Spirit Week.' );
insert into WINGS_POINTS_EVENT values ('Serve912', 8, 4, '2022-09-25 16:30:00',  'SC 204', 'Participate in Serve912 Trips hosted by the Office of Leadership and Community Engagement.' );
insert into WINGS_POINTS_EVENT values ('Team Building', 1, 4, '2022-10-25 12:30:00',  'RU 1085', 'Request a Team Building event with Southern Adventures.');
insert into WINGS_POINTS_EVENT values ('Resume/cover letter critique', 4, 2, '2022-09-28 12:00:00',  'EB 2117', 'Attend a drop in resume/cover letter critique hosted by the Office of Career and Professional Development.');
insert into WINGS_POINTS_EVENT values ('Workshop Series: Eagle Engage', 10, 4, '2022-10-30 11:30:00',  'SC 1402', 'Learn how to navigate, handle, and utilize Eagle Engage.');
insert into WINGS_POINTS_EVENT values ('Workshop Series: Fundraising for Your Org', 1, 4, '2022-11-06 17:30:00',  'IT 1203', 'Banking, tracking, and retaining funds.' );
insert into WINGS_POINTS_EVENT values ('Workshop Series: Social & Emotional Wellness', 6, 8, '2022-11-04 12:00:00',  'UH 112', 'Check up on your organizations overall mental health and how to help each other.');
insert into WINGS_POINTS_EVENT values ('Workshop Series: Ethics Awareness', 9, 4, '2022-11-08 12:30:00',  'RU 1085', 'Learn about acceptance, tolerance, and understanding.' );
insert into WINGS_POINTS_EVENT values ('Workshop Series: Managing your Involvement', 7, 4, '2022-10-10 12:00:00',  'IT 3216', 'Learn about opportunities your organization can participate in for points, growth, and overall fun.' );
insert into WINGS_POINTS_EVENT values ('Workshop Series: Recruitment & Membership Morale', 1, 4, '2022-11-10 14:30:00',  'SC 129', 'Find, recruit, maintain, and grow your membership today!' );
insert into WINGS_POINTS_EVENT values ('Workshop Series: Resources and Coverage', 8, 4, '2022-11-15 17:30:00',  'RU 2041', 'Learn about what resources the university offers.' );




